frequency,pitot,output
20,-0.2055,-0.000179
30,-1.2360,-0.000056
60,-2.898,0.00015
