frequency,pitot,output
20,-0.2027,-0.000130
30,-1.222,0.000146
60,-2.872,0.000615
