frequency,pitot,output
20,-0.2062,-0.0001759
30,-1.226,-0.000041
60,-2.89,0.000173
