frequency,pitot,output
20,-0.205,-0.000165
30,-1.222,0.000049
60,-2.873,0.00042
